{"L":[
{
"LN":"Layer 2",
"FR":[
{
"I":0,
"DU":4,
"E":[
]},{
"I":4,
"DU":5,
"E":[
{"ASI":{
"MX":[1,0,0,1,10.700000000000003,46.150000000000006],
"N":"11"
}}]}
]},{
"LN":"Layer 1",
"FR":[
{
"I":0,
"DU":4,
"E":[
{"ASI":{
"MX":[1,0,0,1,-0.025000000000005684,0],
"N":"12"
}}]},{
"I":4,
"DU":5,
"E":[
{"ASI":{
"MX":[1,0,0,1,-8.850000000000001,0],
"N":"13"
}}]}
]}
]}