{"L":[
{
"LN":"Layer 1",
"FR":[
{
"I":0,
"DU":14,
"E":[
{"ASI":{
"MX":[1,0,0,1,-0.02499999999999858,0],
"N":"23"
}}]},{
"I":14,
"DU":1,
"E":[
{"ASI":{
"MX":[1,0,0,1,-0.02499999999999858,0],
"N":"24"
}}]}
]}
]}