{"L":[
{
"LN":"Layer 1",
"FR":[
{
"I":0,
"DU":1,
"E":[
{"ASI":{
"MX":[1,0,0,1,346.59999999999997,-123.14999999999999],
"N":"0"
}}]},{
"I":1,
"DU":1,
"E":[
{"ASI":{
"MX":[1,0,0,1,373.575,-132.825],
"N":"1"
}}]},{
"I":2,
"DU":1,
"E":[
{"ASI":{
"MX":[1,0,0,1,392.3,-135.525],
"N":"2"
}}]}
]}
]}