{"L":[
{
"LN":"Layer 1",
"FR":[
{
"I":0,
"DU":1,
"E":[
{"ASI":{
"MX":[1,0,0,1,0,-0.02499999999999858],
"N":"3"
}}]},{
"I":1,
"DU":1,
"E":[
{"ASI":{
"MX":[1,0,0,1,10.600000000000001,-9.949999999999996],
"N":"4"
}}]}
]}
]}