{"L":[
{
"LN":"Layer 2",
"FR":[
{
"I":0,
"DU":14,
"E":[
]},{
"I":14,
"DU":1,
"E":[
{"ASI":{
"MX":[1,0,0,1,39.1,118.175],
"N":"82"
}}]}
]},{
"LN":"Layer 1",
"FR":[
{
"I":0,
"DU":15,
"E":[
{"ASI":{
"MX":[1,0,0,1,-0.025000000000005684,-0.025000000000005684],
"N":"83"
}}]}
]}
]}