{"L":[
{
"LN":"Layer 1",
"FR":[
{
"I":0,
"DU":1,
"E":[
{"ASI":{
"MX":[1,0,0,1,-3.1750000000000043,-0.625],
"N":"75"
}}]},{
"I":1,
"DU":1,
"E":[
{"ASI":{
"MX":[1,0,0,1,1.2000000000000028,-7.725],
"N":"76"
}}]}
]}
]}