{"L":[
{
"LN":"Layer 1",
"FR":[
{
"I":0,
"DU":2,
"E":[
{"ASI":{
"MX":[1,0,0,1,1.0499999999999972,-0.20000000000000284],
"N":"122"
}}]},{
"I":2,
"DU":2,
"E":[
{"ASI":{
"MX":[1,0,0,1,-0.4000000000000057,-22.9],
"N":"123"
}}]}
]}
]}