{"L":[
{
"LN":"Layer 1",
"FR":[
{
"I":0,
"DU":1,
"E":[
{"ASI":{
"MX":[1,0,0,1,0,-0.02499999999999858],
"N":"256"
}}]},{
"I":1,
"DU":1,
"E":[
{"ASI":{
"MX":[1,0,0,1,-0.9749999999999943,-17.97500000000001],
"N":"257"
}}]}
]}
]}