{"L":[
{
"LN":"Layer 1",
"FR":[
{
"I":0,
"DU":1,
"E":[
{"ASI":{
"MX":[1,0,0,1,0,0],
"N":"266"
}}]},{
"I":1,
"DU":1,
"E":[
{"ASI":{
"MX":[1,0,0,1,0.02500000000000213,2.2250000000000014],
"N":"267"
}}]}
]}
]}