{"ANIMATION":{"name":"freeplay_album_credits_assets","SYMBOL_name":"album roll in","TIMELINE":{"LAYERS":[{"Layer_name":"Layer_1","Frames":[{"index":0,"duration":1,"elements":[{"SYMBOL_Instance":{"SYMBOL_name":"album art placeholder","Instance_Name":"","symbolType":"graphic","firstFrame":0,"loop":"loop","transformationPoint":{"x":159.0,"y":139.9},"Matrix3D":{"m00":-0.76348876953125,"m01":-0.6336669921875,"m02":0.0,"m03":0.0,"m10":0.6336669921875,"m11":-0.76348876953125,"m12":0.0,"m13":0.0,"m20":0.0,"m21":0.0,"m22":1.0,"m23":0.0,"m30":692.45,"m31":269.0,"m32":0.0,"m33":1.0},"DecomposedMatrix":{"Position":{"x":692.45,"y":269.0,"z":0.0},"Rotation":{"x":0.0,"y":-0.0,"z":-2.4488470554351808},"Scaling":{"x":0.9921939969062805,"y":0.9921939969062805,"z":1.0}}}}]},{"index":1,"duration":1,"elements":[{"SYMBOL_Instance":{"SYMBOL_name":"album art placeholder","Instance_Name":"","symbolType":"graphic","firstFrame":0,"loop":"loop","transformationPoint":{"x":159.05,"y":139.9},"Matrix3D":{"m00":-0.901947021484375,"m01":0.4119873046875,"m02":0.0,"m03":0.0,"m10":-0.4119873046875,"m11":-0.901947021484375,"m12":0.0,"m13":0.0,"m20":0.0,"m21":0.0,"m22":1.0,"m23":0.0,"m30":816.8,"m31":122.05,"m32":0.0,"m33":1.0},"DecomposedMatrix":{"Position":{"x":816.8,"y":122.05,"z":0.0},"Rotation":{"x":0.0,"y":-0.0,"z":2.713118553161621},"Scaling":{"x":0.9915856122970581,"y":0.9915856122970581,"z":1.0}}}}]},{"index":2,"duration":1,"elements":[{"SYMBOL_Instance":{"SYMBOL_name":"album art placeholder","Instance_Name":"","symbolType":"graphic","firstFrame":0,"loop":"loop","transformationPoint":{"x":159.05,"y":139.95000000000003},"Matrix3D":{"m00":-0.5238494873046875,"m01":0.8431396484375,"m02":0.0,"m03":0.0,"m10":-0.8431396484375,"m11":-0.5238494873046875,"m12":0.0,"m13":0.0,"m20":0.0,"m21":0.0,"m22":1.0,"m23":0.0,"m30":725.05,"m31":0.65,"m32":0.0,"m33":1.0},"DecomposedMatrix":{"Position":{"x":725.05,"y":0.65,"z":0.0},"Rotation":{"x":0.0,"y":-0.0,"z":2.1267364025115969},"Scaling":{"x":0.9926241636276245,"y":0.9926241636276245,"z":1.0}}}}]},{"index":3,"duration":2,"elements":[{"SYMBOL_Instance":{"SYMBOL_name":"album art placeholder","Instance_Name":"","symbolType":"graphic","firstFrame":0,"loop":"loop","transformationPoint":{"x":158.95000000000003,"y":140.0},"Matrix3D":{"m00":0.994140625,"m01":0.09991455078125,"m02":0.0,"m03":0.0,"m10":-0.09991455078125,"m11":0.994140625,"m12":0.0,"m13":0.0,"m20":0.0,"m21":0.0,"m22":1.0,"m23":0.0,"m30":300.7,"m31":-106.5,"m32":0.0,"m33":1.0},"DecomposedMatrix":{"Position":{"x":300.7,"y":-106.5,"z":0.0},"Rotation":{"x":0.0,"y":-0.0,"z":0.10016708076000214},"Scaling":{"x":1.0,"y":1.0,"z":1.0}}}}]},{"index":5,"duration":2,"elements":[{"SYMBOL_Instance":{"SYMBOL_name":"album art placeholder","Instance_Name":"","symbolType":"graphic","firstFrame":0,"loop":"loop","transformationPoint":{"x":159.0,"y":139.95000000000003},"Matrix3D":{"m00":0.98626708984375,"m01":0.161102294921875,"m02":0.0,"m03":0.0,"m10":-0.161102294921875,"m11":0.98626708984375,"m12":0.0,"m13":0.0,"m20":0.0,"m21":0.0,"m22":1.0,"m23":0.0,"m30":317.5,"m31":-115.1,"m32":0.0,"m33":1.0},"DecomposedMatrix":{"Position":{"x":317.5,"y":-115.1,"z":0.0},"Rotation":{"x":0.0,"y":-0.0,"z":0.16191555559635163},"Scaling":{"x":1.0,"y":1.0,"z":1.0}}}}]},{"index":7,"duration":3,"elements":[{"SYMBOL_Instance":{"SYMBOL_name":"album art placeholder","Instance_Name":"","symbolType":"graphic","firstFrame":0,"loop":"loop","transformationPoint":{"x":159.0,"y":139.95000000000003},"Matrix3D":{"m00":0.9842987060546875,"m01":0.1730804443359375,"m02":0.0,"m03":0.0,"m10":-0.1730804443359375,"m11":0.9842987060546875,"m12":0.0,"m13":0.0,"m20":0.0,"m21":0.0,"m22":1.0,"m23":0.0,"m30":321.45,"m31":-116.75,"m32":0.0,"m33":1.0},"DecomposedMatrix":{"Position":{"x":321.45,"y":-116.75,"z":0.0},"Rotation":{"x":0.0,"y":-0.0,"z":0.17406193912029267},"Scaling":{"x":1.0,"y":1.0,"z":1.0}}}}]},{"index":10,"duration":28,"elements":[{"SYMBOL_Instance":{"SYMBOL_name":"album art placeholder","Instance_Name":"","symbolType":"graphic","firstFrame":0,"loop":"loop","transformationPoint":{"x":159.0,"y":139.95000000000003},"Matrix3D":{"m00":0.9833831787109375,"m01":0.178314208984375,"m02":0.0,"m03":0.0,"m10":-0.178314208984375,"m11":0.9833831787109375,"m12":0.0,"m13":0.0,"m20":0.0,"m21":0.0,"m22":1.0,"m23":0.0,"m30":323.35,"m31":-117.45,"m32":0.0,"m33":1.0},"DecomposedMatrix":{"Position":{"x":323.35,"y":-117.45,"z":0.0},"Rotation":{"x":0.0,"y":-0.0,"z":0.17937828600406648},"Scaling":{"x":1.0,"y":1.0,"z":1.0}}}}]}]}]}},"SYMBOL_DICTIONARY":{"Symbols":[{"SYMBOL_name":"album art placeholder","TIMELINE":{"LAYERS":[{"Layer_name":"Layer_2","Frames":[{"index":0,"duration":1,"elements":[{"ATLAS_SPRITE_instance":{"name":"0001","Matrix3D":{"m00":1.0,"m01":0.0,"m02":0.0,"m03":0.0,"m10":0.0,"m11":1.0,"m12":0.0,"m13":0.0,"m20":0.0,"m21":0.0,"m22":1.0,"m23":0.0,"m30":16.0,"m31":16.0,"m32":0.0,"m33":1.0},"DecomposedMatrix":{"Position":{"x":16.0,"y":16.0,"z":0.0},"Rotation":{"x":0.0,"y":-0.0,"z":0.0},"Scaling":{"x":1.0,"y":1.0,"z":1.0}}}}]}]}]}}]},"metadata":{"framerate":24.0}}
