{"L":[
{
"LN":"Layer 1",
"FR":[
{
"I":0,
"DU":2,
"E":[
{"ASI":{
"MX":[1,0,0,1,-2,-379],
"N":"3"
}}]},{
"I":2,
"DU":3,
"E":[
{"ASI":{
"MX":[1,0,0,1,66.99999999999997,-371],
"N":"4"
}}]},{
"I":5,
"DU":1,
"E":[
{"ASI":{
"MX":[1,0,0,1,66.99999999999997,-371],
"N":"5"
}}]}
]}
]}