{"L":[
{
"LN":"Layer 1",
"FR":[
{
"I":0,
"DU":2,
"E":[
{"ASI":{
"MX":[1,0,0,1,108.75,-427.79999999999995],
"N":"6"
}}]},{
"I":2,
"DU":2,
"E":[
{"ASI":{
"MX":[1,0,0,1,98.39999999999998,-444.4],
"N":"7"
}}]},{
"I":4,
"DU":1,
"E":[
{"ASI":{
"MX":[1,0,0,1,98.39999999999998,-444.4],
"N":"8"
}}]}
]}
]}