{"L":[
{
"LN":"Layer 1",
"FR":[
{
"I":0,
"DU":2,
"E":[
{"ASI":{
"MX":[1,0,0,1,-2.3999999999999986,-0.07500000000000284],
"N":"50"
}}]},{
"I":2,
"DU":12,
"E":[
{"ASI":{
"MX":[1,0,0,1,-0.22500000000000142,0.75],
"N":"51"
}}]},{
"I":14,
"DU":1,
"E":[
{"ASI":{
"MX":[1,0,0,1,2.1000000000000014,2.200000000000003],
"N":"52"
}}]},{
"I":15,
"DU":3,
"E":[
{"ASI":{
"MX":[1,0,0,1,0,-0.025000000000005684],
"N":"53"
}}]}
]}
]}