{"L":[
{
"LN":"Layer 1",
"FR":[
{
"I":0,
"DU":4,
"E":[
{"ASI":{
"MX":[1,0,0,1,-25.64999999999999,6.375],
"N":"57"
}}]},{
"I":4,
"DU":2,
"E":[
{"ASI":{
"MX":[1,0,0,1,-0.04999999999999716,0],
"N":"58"
}}]}
]}
]}