{"L":[
{
"LN":"Layer 1",
"FR":[
{
"I":0,
"DU":3,
"E":[
{"ASI":{
"MX":[1,0,0,1,0.6000000000000227,0.5750000000000028],
"N":"121"
}}]},{
"I":3,
"DU":3,
"E":[
{"ASI":{
"MX":[1,0,0,1,0.45000000000001705,0.45000000000000284],
"N":"122"
}}]},{
"I":6,
"DU":3,
"E":[
{"ASI":{
"MX":[1,0,0,1,0.15000000000000568,0.15000000000000568],
"N":"123"
}}]},{
"I":9,
"DU":11,
"E":[
{"ASI":{
"MX":[1,0,0,1,0,-0.024999999999991473],
"N":"124"
}}]}
]}
]}