{"L":[
{
"LN":"Layer 2",
"FR":[
{
"I":0,
"DU":1,
"E":[
{"ASI":{
"MX":[1,0,0,1,91.05000000000001,-404.85],
"N":"9"
}}]},{
"I":1,
"DU":1,
"E":[
{"ASI":{
"MX":[1,0,0,1,156.04999999999998,-379.8],
"N":"10"
}}]},{
"I":2,
"DU":1,
"E":[
{"ASI":{
"MX":[1,0,0,1,158.79999999999998,-373.55],
"N":"11"
}}]}
]}
]}