{"L":[
{
"LN":"Layer 1",
"FR":[
{
"I":0,
"DU":8,
"E":[
{"ASI":{
"MX":[1,0,0,1,-0.025000000000005684,-3.375],
"N":"70"
}}]},{
"I":8,
"DU":4,
"E":[
{"ASI":{
"MX":[1,0,0,1,-0.025000000000005684,0],
"N":"71"
}}]}
]}
]}