{"L":[
{
"LN":"Layer 1",
"FR":[
{
"I":0,
"DU":1,
"E":[
{"ASI":{
"MX":[1,0,0,1,-0.025000000000005684,0],
"N":"24"
}}]},{
"I":1,
"DU":1,
"E":[
{"ASI":{
"MX":[1,0,0,1,-5.849999999999994,2.2749999999999915],
"N":"25"
}}]},{
"I":2,
"DU":1,
"E":[
{"ASI":{
"MX":[1,0,0,1,11.900000000000006,1.8999999999999915],
"N":"26"
}}]}
]}
]}