{"L":[
{
"LN":"Layer 2",
"FR":[
{
"I":0,
"DU":1,
"E":[
{"ASI":{
"MX":[1,0,0,1,-6.074999999999999,-10.075],
"N":"27"
}}]},{
"I":1,
"DU":1,
"E":[
{"ASI":{
"MX":[1,0,0,1,-20.800000000000004,0.9000000000000004],
"N":"28"
}}]},{
"I":2,
"DU":1,
"E":[
{"ASI":{
"MX":[1,0,0,1,-6.074999999999999,-0.7999999999999989],
"N":"29"
}}]}
]}
]}